"3. März 2014, Mon Mar 03 01:59:14 CET 2014",The Fray,How To Save A Life
"3. März 2014, Mon Mar 03 01:13:03 CET 2014",Chvrches,We Sink
"3. März 2014, Mon Mar 03 06:13:10 CET 2014",Florence and the Machine,Spectrum (Say my name - Calvin Harris Remix)
"3. März 2014, Mon Mar 03 05:36:14 CET 2014",Macklemore & Ryan Lewis feat. ScHoolboy Q & Hollis,White Walls
"3. März 2014, Mon Mar 03 04:15:14 CET 2014",Kings Of Leon,Supersoaker
"3. März 2014, Mon Mar 03 02:46:03 CET 2014",Daft Punk feat Julian Casablancas,Instant Crush
"3. März 2014, Mon Mar 03 07:40:16 CET 2014",Bastille,Of The Night
"3. März 2014, Mon Mar 03 01:16:30 CET 2014",Taio Cruz,World in our hands
"3. März 2014, Mon Mar 03 05:02:55 CET 2014",Die Toten Hosen,Altes Fieber
"3. März 2014, Mon Mar 03 06:33:26 CET 2014",Sido,Bilder im Kopf
"3. März 2014, Mon Mar 03 06:43:02 CET 2014",Rise Against,Satellite
"3. März 2014, Mon Mar 03 04:50:34 CET 2014",Angus & Julia Stone,Big jet plane
"3. März 2014, Mon Mar 03 02:37:27 CET 2014",Madeon,Finale
"3. März 2014, Mon Mar 03 07:12:39 CET 2014",Linkin Park,Somewhere I belong
"3. März 2014, Mon Mar 03 05:53:33 CET 2014",Plan B,She said
"3. März 2014, Mon Mar 03 05:26:08 CET 2014",Flo Rida feat. Kesha,Right Round
"3. März 2014, Mon Mar 03 05:14:02 CET 2014",Gossip,Heavy Cross
"3. März 2014, Mon Mar 03 04:05:15 CET 2014",Zedd feat. Hayley Williams of Paramore,Stay The Night
"3. März 2014, Mon Mar 03 07:25:44 CET 2014",Mumford & Sons,I will wait
"3. März 2014, Mon Mar 03 03:45:53 CET 2014",Eminem feat. Rihanna,The Monster
"3. März 2014, Mon Mar 03 04:22:35 CET 2014",Die Toten Hosen,Altes Fieber
"3. März 2014, Mon Mar 03 03:57:21 CET 2014",Hozier,Take Me To Church
"3. März 2014, Mon Mar 03 03:12:17 CET 2014",The Notwist,Kong
"3. März 2014, Mon Mar 03 04:20:53 CET 2014",Sam Smith,Money On My Mind
"3. März 2014, Mon Mar 03 05:50:31 CET 2014",Sportfreunde Stiller,Ein Kompliment
"3. März 2014, Mon Mar 03 02:05:16 CET 2014",Clean Bandit feat. Jess Glynn,Rather Be
"3. März 2014, Mon Mar 03 03:15:58 CET 2014",John Newman,Love Me Again
"3. März 2014, Mon Mar 03 06:26:30 CET 2014",Coldplay,Every teardrop is a waterfall
"3. März 2014, Mon Mar 03 02:30:27 CET 2014",Pink,Get the party started
"3. März 2014, Mon Mar 03 01:45:47 CET 2014",Cro,Easy
"3. März 2014, Mon Mar 03 01:31:08 CET 2014",Naughty Boy feat. Sam Smith,La La La
"3. März 2014, Mon Mar 03 04:08:47 CET 2014",The XX,Angels
"3. März 2014, Mon Mar 03 01:48:44 CET 2014",Arcade Fire,Intervention
"3. März 2014, Mon Mar 03 05:45:04 CET 2014",Vance Joy,Riptide
"3. März 2014, Mon Mar 03 04:27:49 CET 2014",London Grammar,Wasting My Young Years
"3. März 2014, Mon Mar 03 21:40:28 CET 2014",Lorde,Team
"3. März 2014, Mon Mar 03 04:11:40 CET 2014",Kwabs,Wrong or Right
"3. März 2014, Mon Mar 03 03:24:52 CET 2014",Placebo,Loud Like Love
"3. März 2014, Mon Mar 03 01:56:08 CET 2014",Feed Me vs. Crystal Fighters,Love is all I've got
"3. März 2014, Mon Mar 03 02:57:17 CET 2014",Two Door Cinema Club,Sun
"3. März 2014, Mon Mar 03 08:08:10 CET 2014",Seeed,Dickes B
"3. März 2014, Mon Mar 03 02:23:31 CET 2014",Casper,Alles endet (aber nie die Musik)
"3. März 2014, Mon Mar 03 04:54:21 CET 2014",Chet Faker,Talk Is Cheap
"3. März 2014, Mon Mar 03 03:32:41 CET 2014",Snoop Dogg ft. Charlie Wilson & Justin Timberlake,Signs
"3. März 2014, Mon Mar 03 06:39:39 CET 2014",Milky Chance,Down By The River*
"3. März 2014, Mon Mar 03 05:32:24 CET 2014",Klangkarussell feat. Will Heard,Sonnentanz - Sun Don't Shine
"3. März 2014, Mon Mar 03 02:15:12 CET 2014",Flo Rida,Whistle
"3. März 2014, Mon Mar 03 07:03:36 CET 2014",Avicii feat. Aloe Blacc,Wake Me Up
"3. März 2014, Mon Mar 03 07:52:15 CET 2014",Katy Perry,The one that got away
"3. März 2014, Mon Mar 03 01:27:27 CET 2014",Cage The Elephant,Come A Little Closer
"3. März 2014, Mon Mar 03 01:42:20 CET 2014",Lady Gaga,Applause
"3. März 2014, Mon Mar 03 05:41:53 CET 2014",Pink,Raise your glass
"3. März 2014, Mon Mar 03 06:23:21 CET 2014",Beyonce,Sweet dreams
"3. März 2014, Mon Mar 03 07:16:00 CET 2014",David Guetta feat. Kid Cudi,Memories
"3. März 2014, Mon Mar 03 21:43:12 CET 2014",Jamie Woon,Night air
"3. März 2014, Mon Mar 03 04:22:36 CET 2014",Mr. Probz,Waves (Robin Schulz Remix)
"3. März 2014, Mon Mar 03 03:53:44 CET 2014",Hot Chip,Boy from school
"3. März 2014, Mon Mar 03 07:22:16 CET 2014",Clean Bandit feat. Jess Glynn,Rather Be
"3. März 2014, Mon Mar 03 03:29:06 CET 2014",Haim,The Wire
"3. März 2014, Mon Mar 03 07:48:06 CET 2014",Pharrell Williams,Hunter
"3. März 2014, Mon Mar 03 02:33:39 CET 2014",Pharrell Williams,Happy
"3. März 2014, Mon Mar 03 07:33:57 CET 2014",Rihanna,S&M
"3. März 2014, Mon Mar 03 02:54:02 CET 2014",Gorgon City feat. MNEK,Ready For Your Love
"3. März 2014, Mon Mar 03 05:06:22 CET 2014",Mr. Probz,Waves (Robin Schulz Remix)
"3. März 2014, Mon Mar 03 01:37:33 CET 2014",Lorde,Team
"3. März 2014, Mon Mar 03 03:21:05 CET 2014",Raleigh Ritchie,Stronger Than Ever
"3. März 2014, Mon Mar 03 04:24:02 CET 2014",Maxim,Haus aus Schrott
"3. März 2014, Mon Mar 03 01:25:12 CET 2014",Coldplay,Don't panic
"3. März 2014, Mon Mar 03 02:27:18 CET 2014",MØ,Don't Wanna Dance
"3. März 2014, Mon Mar 03 07:43:29 CET 2014",Jack Johnson,Upside down
"3. März 2014, Mon Mar 03 03:36:27 CET 2014",Nico & Vinz,Am I wrong
"3. März 2014, Mon Mar 03 05:20:14 CET 2014",Ed Sheeran,I See Fire
"3. März 2014, Mon Mar 03 03:08:52 CET 2014",Azealia Banks,212
"3. März 2014, Mon Mar 03 02:20:29 CET 2014",Broods,Bridges
"3. März 2014, Mon Mar 03 02:42:44 CET 2014",George Ezra,Budapest
"3. März 2014, Mon Mar 03 02:11:42 CET 2014",Milky Chance,Down By The River
"3. März 2014, Mon Mar 03 21:33:56 CET 2014",Crystal Fighters,At home
"3. März 2014, Mon Mar 03 04:34:58 CET 2014",Mando Diao,Black Saturday
"3. März 2014, Mon Mar 03 03:40:19 CET 2014",Urban Cone,Urban photograph
"3. März 2014, Mon Mar 03 02:08:43 CET 2014",Beatsteaks,What's coming over you
"3. März 2014, Mon Mar 03 04:46:30 CET 2014",Royal Blood,Out Of The Black
"3. März 2014, Mon Mar 03 06:07:35 CET 2014",Billy Talent,Surrender
"3. März 2014, Mon Mar 03 01:05:20 CET 2014",Macklemore & Ryan Lewis feat. Mary Lambert,Same Love
"3. März 2014, Mon Mar 03 06:57:13 CET 2014",Imagine Dragons,Demons
"3. März 2014, Mon Mar 03 04:57:22 CET 2014",Martin Solveig & Dragonette,Hello
"3. März 2014, Mon Mar 03 06:49:25 CET 2014",Ne-Yo,Closer
"3. März 2014, Mon Mar 03 05:57:09 CET 2014",Capital Cities,Safe and Sound
"3. März 2014, Mon Mar 03 03:05:20 CET 2014",Bastille,Of The Night
"3. März 2014, Mon Mar 03 06:16:38 CET 2014",John Newman,Cheating
"3. März 2014, Mon Mar 03 04:43:12 CET 2014",Faul & Wad Ad vs. Pnau,Changes
"3. März 2014, Mon Mar 03 08:02:43 CET 2014",Zedd feat. Hayley Williams of Paramore,Stay The Night
"3. März 2014, Mon Mar 03 03:50:01 CET 2014",Damon Albarn,Everyday Robots
"3. März 2014, Mon Mar 03 01:34:32 CET 2014",Duck Sauce,Barbra Streisand
"3. März 2014, Mon Mar 03 02:50:13 CET 2014",Editors,Papillon
"3. März 2014, Mon Mar 03 05:10:53 CET 2014",Black Eyed Peas,Let's get it started
"3. März 2014, Mon Mar 03 07:56:17 CET 2014",Biffy Clyro,Black Chandelier
"3. März 2014, Mon Mar 03 01:21:27 CET 2014",Marteria,OMG!
"3. März 2014, Mon Mar 03 07:07:37 CET 2014",Marteria,OMG!
"3. März 2014, Mon Mar 03 21:47:59 CET 2014",Justice,On'n'On
"3. März 2014, Mon Mar 03 04:37:56 CET 2014",Beach House,Myth
"3. März 2014, Mon Mar 03 04:30:49 CET 2014",Kanye West,Stronger
"3. März 2014, Mon Mar 03 01:09:30 CET 2014",The Black Keys,Gold On The Ceiling
"3. März 2014, Mon Mar 03 01:52:53 CET 2014",S O H N,Artifice
"3. März 2014, Mon Mar 03 06:03:48 CET 2014",Lorde,Team
